Region,Sales,Revenue,Month,Year,Advertising_Expenditure,Product_Category,Marketing_Campaign
East,1315,4725,April,2023,4370.861069626262,Category_1,Before
West,1973,3019,July,2023,9556.428757689246,Category_1,Before
South,953,1459,December,2023,7587.945476302646,Category_1,After
West,1128,4472,January,2022,6387.926357773329,Category_3,Before
West,1744,1550,August,2022,2404.1677639819286,Category_3,Before
East,1677,1392,December,2022,2403.9506830258238,Category_2,After
West,1164,4938,October,2023,1522.7525095137953,Category_1,After
East,511,2787,December,2022,8795.585311974417,Category_3,After
North,1656,1844,November,2023,6410.035105688879,Category_1,After
North,803,4278,June,2022,7372.653200164409,Category_2,Before
East,1816,3257,May,2022,1185.260448662222,Category_2,After
North,1474,2138,October,2023,9729.18866945795,Category_2,After
South,1823,4808,November,2022,8491.983767203796,Category_1,Before
West,1282,1645,September,2023,2911.0519961044856,Category_3,Before
South,542,4322,February,2023,2636.4247048639054,Category_3,Before
West,1443,3266,May,2022,2650.6405886809043,Category_2,After
North,842,3454,June,2023,3738.1801866358396,Category_3,Before
South,1849,2466,July,2023,5722.807884690141,Category_2,After
North,997,4674,May,2022,4887.505167779042,Category_1,After
West,863,2377,September,2022,3621.0622617823774,Category_2,After
East,1390,3935,January,2023,6506.676052501415,Category_1,Before
East,926,3605,July,2022,2255.4447458683762,Category_2,After
South,1504,3597,October,2023,3629.3018368169633,Category_3,Before
North,520,1141,July,2023,4297.256589643225,Category_3,Before
North,906,3659,April,2022,5104.629857953323,Category_2,Before
South,1118,1500,September,2022,8066.583652537122,Category_3,After
East,1514,1839,December,2022,2797.0640394252378,Category_3,After
West,835,3749,November,2022,5628.109945722505,Category_3,After
South,1640,4618,May,2023,6331.731119758382,Category_1,Before
West,1647,2682,April,2023,1418.0537144799796,Category_3,After
East,898,2565,July,2022,6467.903667112945,Category_1,After
North,1292,3046,April,2022,2534.717113185624,Category_2,After
East,1214,4917,March,2023,1585.4643368675156,Category_3,After
South,550,2530,September,2023,9539.969835279999,Category_3,After
North,823,1595,November,2023,9690.688297671035,Category_3,Before
South,1288,2904,August,2023,8275.576133048151,Category_2,Before
South,640,1280,January,2022,3741.5239225603364,Category_1,Before
East,969,1423,July,2023,1879.0490260574547,Category_1,Before
South,1286,3903,September,2023,7158.097238609412,Category_3,After
East,1857,1269,August,2022,4961.372443656412,Category_2,Before
North,1463,1153,August,2023,2098.3441136030096,Category_2,After
East,1507,3661,June,2023,5456.592191001431,Category_2,Before
North,872,2750,November,2022,1309.4966900369654,Category_2,Before
East,993,1661,April,2022,9183.883618709038,Category_2,Before
West,1250,2967,August,2022,3329.0198344001524,Category_1,After
West,1679,1082,March,2023,6962.700559185838,Category_1,After
South,790,4693,September,2023,3805.3996848046986,Category_1,Before
East,1667,3994,February,2022,5680.612190600297,Category_3,After
East,605,3946,February,2022,5920.392514089517,Category_2,Before
North,1943,2449,December,2023,2663.6900997297435,Category_3,Before
South,1169,2298,December,2022,9726.261649881028,Category_2,Before
East,501,4784,July,2022,7976.195410250031,Category_1,After
South,1088,3331,December,2022,9455.490474077702,Category_3,Before
West,1143,1979,October,2023,9053.44615384884,Category_1,Before
East,589,3220,April,2023,6381.099809299766,Category_2,Before
East,1868,4398,October,2023,9296.868115208052,Category_2,After
South,849,4789,August,2023,1796.4325184672755,Category_2,Before
East,1982,4134,September,2023,2763.845761772307,Category_1,After
South,1786,4144,July,2023,1407.0456001948426,Category_2,Before
East,1874,3810,May,2022,3927.972976869379,Category_1,After
North,1631,2659,August,2023,4498.095607205338,Category_3,Before
South,1562,2398,April,2023,3442.141285965063,Category_2,Before
East,1408,1632,February,2022,8458.637582367364,Category_2,After
West,658,2531,November,2023,4210.779940242303,Category_2,After
East,1458,1786,December,2023,3528.4105871864267,Category_3,Before
West,811,3990,June,2022,5884.264748424236,Category_2,After
West,1764,4059,September,2022,2268.3180247728637,Category_1,Before
North,944,1397,January,2022,8219.772826786357,Category_1,Before
South,797,2143,November,2023,1670.9557931179374,Category_2,Before
East,1451,1933,October,2022,9881.982429404656,Category_2,After
North,535,2460,December,2023,7950.202923669916,Category_3,Before
East,1607,2852,July,2023,2788.4411338075515,Category_3,After
West,1975,3723,October,2023,1049.6990541124217,Category_3,Before
South,1908,3983,September,2023,8339.152856093508,Category_2,After
East,1695,3512,October,2022,7361.716094628554,Category_3,After
East,1899,1285,September,2022,7561.0645123688855,Category_3,Before
West,1885,1264,October,2023,7941.433120173511,Category_1,After
East,1058,3367,November,2022,1666.4018656068133,Category_3,Before
East,1390,3720,March,2023,4226.191556898453,Category_1,Before
West,640,4447,November,2023,2042.8215357261674,Category_1,Before
North,1386,3867,May,2023,8767.930832880342,Category_3,Before
West,1641,3136,August,2022,6609.683141448021,Category_1,Before
North,1800,2677,August,2023,3978.0822236738427,Category_2,After
South,1225,2226,April,2023,1572.0251525742128,Category_2,Before
North,1743,1820,December,2022,3798.8408954409597,Category_3,After
North,1549,2762,November,2022,3926.6498982407234,Category_2,After
South,1020,4048,November,2022,7566.455605042576,Category_1,Before
North,509,3381,January,2022,6738.017242196918,Category_2,After
West,1483,3269,January,2023,8984.914683186938,Category_3,Before
North,877,1040,April,2022,5249.934326457544,Category_3,After
South,1181,2731,June,2023,2076.3482134447154,Category_1,After
West,1083,1067,August,2022,7419.203085006955,Category_3,After
South,651,1987,June,2022,7847.065437552077,Category_2,Before
South,1219,2799,December,2022,6051.494778125466,Category_3,After
East,1572,3561,September,2022,7938.704619591049,Category_1,Before
East,1677,4944,September,2022,5444.160367279516,Category_3,After
South,1358,4708,February,2022,5704.595464437946,Category_2,After
South,1816,4693,October,2023,4847.869165226946,Category_1,After
South,549,2621,January,2022,1228.7721406968567,Category_2,After
East,1163,2655,February,2022,1971.02284293974,Category_1,Before
East,1030,4198,May,2022,1282.8626711806082,Category_3,Before
North,1583,2278,April,2022,6727.6937013740235,Category_1,After
North,1690,1694,April,2023,3829.20382968694,Category_1,After
South,1725,4087,September,2022,5577.136220482325,Category_3,Before
West,1356,3524,November,2022,9168.098265334836,Category_2,Before
West,645,2085,August,2022,3243.6300623398747,Category_3,Before
East,1414,3928,June,2022,4693.446307320668,Category_1,Before
East,1492,3479,January,2023,7799.960246887438,Category_3,After
East,1962,2693,February,2022,3059.183489424602,Category_1,After
South,741,3315,June,2023,1692.819188459137,Category_3,Before
West,1080,2058,November,2022,3607.7630762239123,Category_3,Before
North,1186,1778,February,2023,2450.9915852860395,Category_2,Before
South,982,4647,October,2023,9367.278871083157,Category_1,Before
North,1631,1493,May,2022,8273.083416079753,Category_2,Before
North,1749,2585,May,2022,6700.633808593811,Category_1,Before
South,1172,2492,June,2023,8843.145311689459,Category_3,After
North,1130,2790,June,2023,8233.04869209203,Category_1,After
West,1160,1660,June,2022,2679.1305299743226,Category_2,After
North,1161,2348,February,2023,9033.0309864098,Category_2,Before
West,1955,2327,October,2023,5854.080177240857,Category_2,Before
West,1304,2299,March,2023,8266.961396476563,Category_1,Before
West,918,4940,June,2022,9064.82169931144,Category_2,After
East,1487,2986,August,2023,3862.0312747467747,Category_2,Before
North,1978,4755,December,2023,1990.467320749091,Category_2,Before
South,1683,4060,November,2023,3051.416462877475,Category_3,After
South,1149,3044,December,2022,4843.970097636307,Category_3,Before
North,1468,4272,January,2022,8362.132893302438,Category_1,After
East,1089,4516,January,2023,8746.57524930709,Category_1,After
East,1600,2928,November,2022,1062.5691747807164,Category_2,Before
West,1008,2347,February,2023,5596.725723198091,Category_3,After
North,940,2058,November,2022,4756.699028339011,Category_2,Before
North,1777,1976,December,2022,2998.970294236572,Category_2,After
South,1420,1481,December,2023,2078.7883060031454,Category_3,Before
North,1269,1727,June,2022,4038.5365426326516,Category_3,After
East,1843,3527,September,2022,9486.187335212673,Category_3,Before
North,762,4136,April,2022,3908.826388186797,Category_1,After
South,1897,2031,March,2023,5669.115595690295,Category_1,After
West,1136,4372,December,2022,7327.1706300566,Category_2,After
South,1690,1342,August,2022,4272.666421413645,Category_1,Before
South,958,4502,November,2023,9746.038744488646,Category_3,Before
West,1498,2447,October,2022,9662.025654479,Category_3,After
South,1803,3379,September,2022,3266.0406624282773,Category_1,Before
South,1199,3485,December,2022,5475.236553031469,Category_2,After
North,801,4659,November,2022,3707.904788350927,Category_2,Before
North,1741,3221,May,2022,3563.5644493972086,Category_1,After
West,1625,3606,September,2023,1331.9825261907952,Category_2,Before
North,1053,1526,February,2023,6486.079005819071,Category_2,After
North,787,2896,March,2022,5524.1112090597535,Category_2,After
South,1690,1658,July,2022,1463.3087612499041,Category_3,After
East,1120,3073,July,2022,3507.818178129503,Category_3,After
North,1505,1819,June,2023,9174.392973699883,Category_1,Before
East,535,3652,June,2023,3156.057016002752,Category_3,After
North,1243,1405,February,2022,2304.0538488210077,Category_2,Before
North,852,3279,October,2022,5405.0748424980675,Category_3,Before
West,572,3580,June,2023,9870.854086995407,Category_1,After
West,1147,4890,April,2022,3178.4974436035036,Category_3,Before
West,1876,2573,December,2023,7049.219926652907,Category_2,Before
East,1593,2811,March,2023,7854.576537958458,Category_2,Before
South,924,1504,November,2022,3138.737895931597,Category_1,After
North,1498,4740,February,2023,7553.947137506736,Category_3,Before
North,1207,1178,January,2022,4310.048194473279,Category_3,Before
North,1060,1131,November,2022,6690.752475342215,Category_3,After
East,1327,2846,November,2022,6701.767396848052,Category_2,After
West,1455,2478,May,2022,5821.972156672827,Category_1,Before
South,1016,3395,February,2022,1812.6079304896748,Category_3,After
East,927,3587,February,2022,8517.722460303143,Category_2,Before
West,659,1771,July,2023,3887.0205847456227,Category_2,Before
East,648,2429,August,2023,2678.666593598688,Category_2,Before
South,1275,3123,October,2023,1366.9762739928751,Category_3,After
West,1753,1578,August,2023,6318.036488694176,Category_3,Before
East,566,3901,April,2022,7098.079256580541,Category_3,After
South,1513,2515,January,2023,1149.2904603507054,Category_3,After
North,880,1193,November,2023,5608.837524693528,Category_3,Before
South,557,3007,July,2023,3038.4619767814415,Category_3,After
North,1782,2185,January,2022,6806.555113685049,Category_3,After
East,841,3394,November,2023,2569.2978610449227,Category_3,After
West,1653,3998,April,2022,7218.439642922193,Category_3,After
West,1226,2384,August,2023,4480.618116704836,Category_2,After
East,1695,2792,February,2022,9430.56989863061,Category_3,Before
West,1269,4655,June,2022,2237.6884973139395,Category_1,After
West,1113,2110,June,2023,4069.5971594523267,Category_2,Before
North,1732,4333,December,2022,2021.2616911653017,Category_3,Before
East,853,3261,September,2022,9322.242564507065,Category_1,Before
South,1994,4736,May,2023,8896.05418042883,Category_3,Before
North,615,4793,October,2023,3321.4746494364003,Category_1,Before
East,1787,2936,April,2023,6939.856414307611,Category_1,Before
North,1161,3620,May,2022,8354.999801810944,Category_1,After
South,1965,1779,December,2022,5996.807304395161,Category_1,After
South,952,1261,December,2022,5766.855205204059,Category_2,After
East,786,1729,October,2023,3176.670618104065,Category_2,Before
South,1826,1282,November,2022,1837.924910253093,Category_1,After
North,1516,4719,May,2022,9074.941821579941,Category_3,After
South,810,2490,August,2022,9103.762514469974,Category_1,After
North,707,4451,October,2022,6697.9131154594115,Category_2,Before
North,1117,1361,December,2022,4051.2681194383063,Category_3,After
South,945,4520,August,2022,4142.886171513948,Category_2,Before
East,1169,1440,February,2022,7533.601109832154,Category_2,After
West,1132,3140,July,2023,9073.992339573193,Category_3,Before
South,554,2644,August,2023,8983.777818386056,Category_1,Before
North,1411,3800,November,2023,8018.879912718615,Category_1,Before
North,1535,1866,June,2022,6778.28481538859,Category_1,After
South,1156,2447,May,2022,1757.2596849554395,Category_1,After
East,1923,1141,November,2023,2454.658426851524,Category_3,Before
East,1479,2314,September,2022,9086.987696743712,Category_3,After
North,1014,2455,March,2023,6457.86153693631,Category_3,Before
North,736,3796,December,2022,1082.7734645496669,Category_2,Before
East,1802,2875,October,2022,1913.2438857942889,Category_3,After
West,847,2847,April,2023,6971.515921972502,Category_1,After
South,1126,2712,September,2023,1045.5542546159681,Category_2,After
North,1627,3700,June,2023,2447.272462757488,Category_1,Before
North,1129,1700,August,2023,5938.604104299275,Category_1,Before
East,1771,1997,July,2023,7227.056779234239,Category_3,After
South,863,3096,November,2022,6867.651335523405,Category_3,Before
East,820,2325,February,2022,3018.423785145038,Category_1,After
South,785,1880,March,2022,7409.6129921278225,Category_1,Before
South,648,2213,January,2023,3135.2417874712005,Category_2,After
South,1607,2159,September,2023,3928.5972834334093,Category_3,After
North,905,1554,July,2023,7718.422646062218,Category_2,Before
West,1477,1403,January,2023,6846.696091424932,Category_2,After
East,955,1891,March,2023,8643.010694447601,Category_2,After
West,1299,3912,April,2023,6918.51603070309,Category_1,Before
East,1684,1601,April,2022,6114.777430019245,Category_2,After
South,1512,2830,May,2022,1843.0729104528323,Category_2,Before
North,1283,1340,March,2022,4309.442227534902,Category_1,After
West,959,4828,March,2022,3386.821309135529,Category_3,Before
North,1237,2968,January,2022,3195.9067904117524,Category_3,After
East,1008,1703,July,2023,9757.09499277201,Category_2,After
North,980,1317,November,2023,4537.879522000843,Category_1,After
North,613,3665,October,2023,9028.41899659402,Category_3,After
West,1248,2386,January,2023,6680.247633975366,Category_2,Before
South,860,4893,February,2023,8153.301731874836,Category_2,Before
North,840,3429,April,2023,5523.733837946729,Category_1,Before
South,1269,3280,April,2022,6192.134961637232,Category_2,Before
East,1260,2800,May,2023,5432.6592443697755,Category_3,Before
North,1468,2367,November,2023,2757.1868901824005,Category_1,Before
West,948,2572,February,2023,7502.069037353548,Category_3,Before
East,1334,1816,April,2023,3526.951261967702,Category_3,After
East,1703,1552,January,2022,1218.8436978830846,Category_3,After
West,1930,4600,February,2022,6809.25066316451,Category_2,After
North,1719,1855,January,2023,2593.9961146634405,Category_2,After
North,1989,2812,October,2022,9464.127259176228,Category_3,Before
East,810,3866,October,2022,9585.357193023287,Category_3,Before
North,761,4642,April,2023,9233.779511984038,Category_1,Before
South,1942,1182,April,2023,4331.428302298999,Category_1,After
West,905,4112,July,2023,1139.1095487598068,Category_2,Before
South,642,2574,October,2023,9354.867063289528,Category_2,After
North,841,1396,November,2023,4853.657334855829,Category_1,Before
East,1839,2727,November,2022,9699.893371393026,Category_3,Before
West,1624,3826,September,2023,9672.579793803276,Category_2,Before
North,743,2517,September,2023,8677.08509920624,Category_3,Before
North,989,4730,May,2023,3650.040028626271,Category_1,After
East,511,1906,October,2022,4465.879557417327,Category_2,After
East,1762,2356,January,2023,8660.230043651713,Category_2,Before
South,1060,3174,January,2023,3852.298046406499,Category_1,After
West,541,4629,June,2023,2525.4347201748324,Category_2,Before
West,1177,4628,February,2022,6011.211362125151,Category_1,Before
East,1093,1000,August,2023,9425.39296744703,Category_2,Before
South,1952,4239,September,2023,7264.268170074757,Category_1,Before
West,1681,4691,April,2023,6130.550530804285,Category_2,After
East,1739,1018,May,2022,1874.588443936917,Category_3,Before
North,1985,4403,November,2023,6535.065040292528,Category_3,Before
West,633,1583,August,2023,9910.48465093837,Category_3,After
South,1590,1455,March,2023,2260.7561371287165,Category_2,Before
South,1530,4004,May,2022,5664.96687127363,Category_2,After
South,1447,3036,March,2023,8896.357647351599,Category_3,Before
North,572,2132,December,2023,7666.91755978784,Category_3,Before
West,898,4339,October,2023,7273.141668957412,Category_1,Before
West,1928,3492,March,2022,7322.356755883983,Category_1,Before
North,1077,4311,March,2022,4235.420360977796,Category_1,Before
West,1358,2952,December,2023,3642.3265983804404,Category_3,Before
North,629,4372,July,2022,8284.250399306624,Category_3,After
North,1430,3649,July,2022,8291.020552112626,Category_3,Before
North,1989,3150,July,2022,8803.650867220933,Category_1,After
South,1729,1987,October,2023,9219.16497300824,Category_2,After
West,765,4321,August,2023,5602.08158974844,Category_3,Before
North,1292,4524,May,2022,5513.646652184796,Category_2,After
West,752,1519,May,2022,8184.656610700977,Category_2,Before
South,1321,4224,April,2022,6849.675376999887,Category_2,After
North,1812,1858,July,2023,7317.70189531933,Category_1,Before
East,663,1173,October,2023,8162.13402492491,Category_2,After
South,594,2366,April,2022,9010.048076358096,Category_3,After
East,1332,4741,February,2022,4041.956411663822,Category_1,Before
West,1633,4052,April,2022,4380.246573759496,Category_3,After
West,835,3478,August,2022,1845.8374585678212,Category_3,Before
South,1321,1726,September,2023,6204.5212689655655,Category_1,Before
West,737,4760,March,2022,1323.4804641706787,Category_3,Before
East,880,2710,July,2023,5190.382163192141,Category_3,Before
North,1959,2875,December,2022,5883.801712368189,Category_1,Before
North,1398,3897,September,2022,3578.8712691545597,Category_3,After
North,982,2681,November,2022,6317.499345121097,Category_2,After
South,1401,2347,April,2022,1274.5022494514449,Category_3,After
West,1548,1989,October,2022,1336.1336987429297,Category_2,Before
East,1640,4744,March,2023,8403.405045936925,Category_3,After
West,981,3686,May,2022,4241.7157727013655,Category_1,After
West,1915,1419,January,2022,2143.544613866963,Category_1,After
West,1416,1593,March,2022,5700.189340493239,Category_3,After
North,1493,3532,August,2023,7929.941977887497,Category_1,After
East,1463,4730,November,2023,2942.3892474715885,Category_3,Before
East,1036,2774,August,2023,6606.014282371002,Category_1,Before
West,1602,3459,April,2023,1768.127184943912,Category_2,After
North,1696,1935,February,2022,1465.1354905174694,Category_3,Before
North,1535,2107,August,2022,5782.191684113332,Category_2,Before
East,627,2136,August,2022,5865.716094490958,Category_2,After
North,591,4808,October,2023,6736.869113483859,Category_3,After
North,1042,1331,April,2022,7534.822003503954,Category_2,Before
North,1345,4449,March,2022,9782.668715162812,Category_3,After
South,1488,4826,February,2023,5646.703134710758,Category_2,Before
West,946,3702,September,2023,3906.6082564712137,Category_3,Before
East,889,3088,January,2023,8156.675752918333,Category_3,After
East,1171,2793,July,2022,3437.490261358668,Category_1,Before
South,542,1958,May,2022,4950.7427863507255,Category_3,Before
West,753,4868,August,2023,1706.1074320803937,Category_3,Before
East,1653,1104,April,2022,1228.1566907391175,Category_2,After
North,1583,1201,July,2023,9663.835732101326,Category_3,After
East,1162,3497,May,2023,8523.821084609852,Category_1,After
North,966,2842,May,2022,7263.767854843281,Category_2,After
South,786,2866,September,2023,4680.57649972843,Category_2,Before
North,1510,2996,September,2023,2559.648880637612,Category_1,After
East,1990,2289,September,2023,2407.9333840397744,Category_2,After
East,1277,1909,December,2022,3252.186083481358,Category_2,After
East,844,1209,June,2023,5943.039982355084,Category_2,After
South,1141,1562,June,2023,7431.363304300561,Category_2,Before
South,881,4189,May,2023,6941.776390459581,Category_1,Before
West,1189,3760,September,2023,3519.4050725134857,Category_1,Before
East,1776,4448,October,2023,9593.787525968746,Category_2,After
North,1579,4622,August,2023,7641.072250261916,Category_2,After
South,1986,2563,July,2023,5989.186472602606,Category_1,Before
East,956,1770,July,2022,6505.486716109171,Category_1,After
East,1482,4155,June,2022,4776.400561850109,Category_1,After
South,582,3501,May,2023,3229.5789055104174,Category_2,Before
West,1622,3714,April,2022,4203.754107861354,Category_2,Before
South,648,1628,March,2022,7820.614994179322,Category_3,After
South,1852,4585,March,2023,1129.5413976678028,Category_1,After
North,1679,2628,June,2022,2044.6537645622461,Category_2,After
North,689,2701,April,2023,1414.0237781957749,Category_1,Before
West,1382,1386,December,2023,1366.5592208707312,Category_2,Before
East,762,2935,December,2023,8699.145256099066,Category_1,Before
South,1603,4421,June,2023,7332.920734420213,Category_2,Before
West,899,3343,March,2023,5267.564461785927,Category_3,After
North,1263,3305,April,2022,1880.5074458590134,Category_3,Before
South,1108,2104,September,2023,5424.5428760514915,Category_1,Before
East,1783,1267,May,2022,5261.245937025091,Category_2,After
North,1284,3466,July,2023,2558.8168291901366,Category_2,After
North,600,3282,October,2023,4904.664843141758,Category_1,After
North,1882,2856,February,2023,4586.542609576361,Category_2,Before
West,1903,4382,May,2022,6542.650882469949,Category_1,After
East,1319,4884,September,2023,6715.842857808794,Category_2,After
South,1744,2998,November,2023,1407.7360879484006,Category_1,Before
West,1319,4033,March,2023,4371.513531638241,Category_2,Before
West,919,2380,September,2023,6632.739241428128,Category_1,After
West,623,2236,November,2022,5528.226327220789,Category_2,Before
North,921,1573,June,2023,8708.4085706949,Category_3,After
East,1754,1048,April,2022,6928.242684570505,Category_2,After
West,1586,2150,July,2023,2466.409843732867,Category_1,Before
South,1267,1222,August,2022,1635.1187266038687,Category_3,After
East,982,3968,June,2022,6781.773503856841,Category_2,Before
South,1018,4350,May,2023,1238.6017948745964,Category_3,Before
East,654,2431,June,2023,6271.98023146117,Category_2,Before
South,591,2528,May,2022,9462.072172824619,Category_3,After
North,1481,4365,August,2023,6179.26760088291,Category_1,Before
West,954,2819,January,2023,4493.529335858697,Category_2,Before
South,1097,3324,November,2023,6789.593965981178,Category_2,After
East,1009,2461,July,2022,5124.27601442365,Category_1,After
West,1706,2130,October,2023,5910.551103843414,Category_3,After
West,885,2681,October,2023,9473.183278988727,Category_1,After
East,904,3467,November,2023,4474.923740206968,Category_1,Before
South,745,3658,February,2022,9650.715074415228,Category_3,Before
North,1241,4500,September,2023,9148.155777604574,Category_1,Before
North,1160,1374,January,2022,2762.120213103668,Category_2,After
South,1149,3120,November,2023,1624.251707876489,Category_2,After
West,1994,3021,October,2022,1907.0020123968397,Category_2,Before
West,1946,4705,June,2023,1163.9964308639476,Category_1,After
West,1400,2053,September,2023,1849.9866468033556,Category_2,After
West,564,4259,January,2022,7147.0609607472115,Category_2,Before
South,1536,4435,April,2022,1640.6978361420609,Category_2,Before
West,712,2889,April,2022,3870.7806726438516,Category_2,After
East,741,2823,September,2023,8603.87779872509,Category_2,After
West,992,2474,November,2023,1209.4474216224328,Category_2,After
North,1736,3242,May,2023,8330.21634330042,Category_1,Before
West,837,2179,May,2023,3536.6929729605995,Category_2,Before
South,672,4243,June,2022,2063.4834485949063,Category_2,Before
North,1171,3894,January,2023,7270.634488277356,Category_3,Before
South,663,2064,January,2023,6660.4856210189555,Category_1,Before
South,964,4134,September,2023,8897.248121743476,Category_1,After
North,1494,3070,March,2023,7615.639394234972,Category_1,After
South,996,1359,April,2023,8231.328373463637,Category_1,After
South,1199,4146,January,2023,3538.3111531417585,Category_2,Before
West,894,3607,September,2023,2596.9558940175057,Category_2,Before
East,1202,3719,August,2022,7755.532764767725,Category_3,Before
South,807,3041,February,2023,8261.512653405376,Category_3,After
South,682,4896,August,2023,9914.546278006059,Category_1,Before
South,1128,2141,July,2023,4713.559092202839,Category_3,Before
West,1009,2635,November,2023,4348.162772135049,Category_3,After
East,1045,2403,June,2022,7987.716646677972,Category_1,Before
North,1123,2943,January,2022,4067.2318622771604,Category_1,After
West,1093,1678,July,2022,9376.815930432083,Category_3,Before
West,1243,4361,October,2022,8725.714766587105,Category_2,Before
East,1750,3487,July,2022,4860.946246375165,Category_3,After
East,1959,4739,September,2022,7757.839610123477,Category_3,After
West,1945,3980,January,2023,7790.885866762141,Category_2,After
North,1053,1006,February,2022,1928.1148195233936,Category_2,After
West,520,4267,November,2022,9122.9761601161,Category_1,After
East,1053,3468,September,2023,5547.271352030714,Category_1,After
North,896,2591,September,2022,8438.117194969675,Category_3,Before
East,1124,1832,June,2023,3880.4464092755056,Category_2,Before
North,604,4264,June,2023,9059.709056465805,Category_1,After
South,691,3606,April,2022,4502.815108607469,Category_3,Before
East,516,4219,April,2023,1097.5388633226853,Category_2,After
East,1643,2810,May,2022,9148.437787773373,Category_3,Before
West,892,4740,March,2022,1821.580091075202,Category_1,After
East,924,4273,January,2023,3873.8227383137337,Category_1,Before
East,628,4515,January,2023,9550.557703457243,Category_2,Before
South,1653,1913,December,2022,9555.464322438005,Category_3,Before
East,1071,3011,July,2023,6160.940993109575,Category_2,Before
South,528,2442,January,2023,6686.534909528194,Category_1,Before
South,1620,2450,January,2022,5036.009697804878,Category_1,After
South,1533,4054,March,2022,3638.896945282581,Category_3,After
South,741,2502,October,2023,3957.9809083292434,Category_3,After
North,731,4546,April,2022,7052.666104693346,Category_3,Before
West,1288,1125,April,2022,7771.37076493912,Category_2,After
North,1807,3442,February,2022,8124.211393532637,Category_3,Before
East,1214,1816,January,2022,8106.563285150985,Category_3,Before
North,1258,3928,March,2022,1820.8549274382133,Category_1,Before
North,1301,2829,November,2022,5449.782742323233,Category_1,After
East,1275,1575,April,2022,1518.0288401497985,Category_3,Before
East,1225,3372,March,2023,5945.75994091362,Category_3,After
East,699,2415,August,2022,4973.774512360393,Category_1,After
North,1444,1929,October,2023,8989.337644824698,Category_3,Before
North,578,4759,January,2023,4158.235112968709,Category_2,Before
East,1455,4699,February,2023,2053.603147848453,Category_2,After
West,1355,2463,July,2022,2286.9251384755225,Category_2,After
West,1696,4275,April,2022,7853.5956854572505,Category_3,After
South,966,4557,August,2023,6563.96256984635,Category_1,After
East,1080,1832,November,2022,1910.104085105112,Category_3,After
South,1939,2054,March,2023,1756.961255034977,Category_3,After
West,1439,4459,June,2022,7308.72218313208,Category_1,Before
South,948,2648,September,2022,1654.8670572777419,Category_1,After
East,586,2900,January,2023,8396.740533613207,Category_1,After
East,600,2457,January,2023,7356.180044408466,Category_2,After
East,1531,3884,August,2023,1732.139025777098,Category_3,After
North,1344,3973,March,2022,1763.5394267667273,Category_1,Before
South,1723,2399,May,2023,9879.75620651058,Category_3,Before
West,586,4415,January,2022,4368.437161805083,Category_2,After
West,542,1442,May,2022,4335.779323602019,Category_2,After
West,1908,4650,November,2022,8315.196105317522,Category_1,After
North,1958,3122,June,2023,9525.23719645473,Category_1,Before
North,907,1556,August,2023,9874.009574405838,Category_3,Before
East,1163,4843,March,2023,7780.4036673304745,Category_1,Before
West,1540,4737,March,2022,4386.336269778241,Category_3,Before
North,647,2178,December,2022,1751.5064502880189,Category_1,Before
East,776,4501,November,2023,7994.322243346931,Category_3,Before
West,731,3037,November,2022,6025.638247622245,Category_3,After
South,865,1362,October,2022,4817.998083222787,Category_3,Before
East,1751,3495,September,2023,9157.189465852623,Category_3,Before
North,935,2257,April,2023,2000.777340755362,Category_2,After
North,898,4634,April,2023,5433.625938617733,Category_3,Before
East,1734,2841,December,2022,1102.1828029067717,Category_1,After
East,1914,3309,July,2022,5217.945777947137,Category_2,Before
North,998,2850,February,2022,1506.7294811365362,Category_2,After
South,1039,3172,August,2022,2069.3612464126472,Category_3,After
West,1062,1910,June,2022,2057.736220993944,Category_2,After
South,941,1244,March,2023,6842.892719044572,Category_3,After
East,1784,1541,September,2022,7714.40391338881,Category_1,After
South,1272,3532,May,2022,6250.318885874437,Category_3,Before
North,849,3169,August,2022,9659.552936270877,Category_2,Before
East,1875,3172,July,2023,4373.835215713337,Category_1,After
West,1019,2572,August,2023,3571.4087765367467,Category_3,After
North,1843,3217,July,2023,8817.392153705143,Category_1,After
North,637,1123,March,2022,3012.3625466750736,Category_1,Before
West,1491,4940,February,2023,9669.002854965502,Category_2,After
West,867,4106,July,2023,1109.3902722083471,Category_1,After
South,1743,4158,March,2023,9728.90944036875,Category_2,After
East,1860,3693,March,2022,1388.439207555185,Category_1,After
West,1746,2731,February,2023,9020.28802328264,Category_3,Before
West,859,1785,April,2022,5749.309981776699,Category_1,After
East,1420,3043,August,2022,9936.683165073702,Category_3,After
West,828,3248,December,2023,1664.1690826185898,Category_3,Before
West,1461,3416,January,2022,5984.688559611887,Category_1,After
South,962,1796,January,2023,9723.722820571891,Category_3,After
North,1445,1076,December,2022,5707.880597531339,Category_1,Before
North,1462,1058,May,2023,6664.587743217363,Category_1,Before
North,1905,3478,November,2023,7261.738200861554,Category_3,Before
North,1335,3685,May,2023,5090.86958290996,Category_3,After
West,668,2523,November,2022,6648.022720756571,Category_2,After
East,716,2936,December,2023,6258.828807307902,Category_3,Before
East,877,3156,January,2022,9110.4220944189,Category_2,Before
South,618,4807,June,2023,1409.0174230731209,Category_3,Before
South,689,4055,January,2022,3528.668706330073,Category_1,After
West,1266,2301,May,2022,9553.703356689028,Category_3,After
East,869,1067,September,2023,9012.374055018247,Category_1,Before
East,648,4140,December,2023,5100.9107750714165,Category_1,After
North,1151,4236,May,2023,6581.193380213831,Category_1,Before
West,1269,4560,June,2023,3496.4306468301943,Category_2,After
West,873,3352,August,2023,2693.0904375138516,Category_3,After
North,1280,2932,November,2022,5173.285644459839,Category_1,After
West,659,3721,January,2023,4180.170052234475,Category_1,After
West,850,1364,February,2023,6252.905006657848,Category_2,Before
South,1811,4925,September,2022,1699.6117326848635,Category_3,After
East,1811,1820,March,2023,9769.553268995498,Category_3,After
West,1391,2402,June,2023,9875.896700316425,Category_2,Before
South,1749,3390,May,2022,7283.455426177707,Category_2,After
East,1022,1946,November,2023,5824.867297097084,Category_3,Before
North,1021,3946,February,2023,3785.7485465769496,Category_2,Before
South,1282,2577,July,2023,8324.155177362538,Category_3,After
South,772,2377,April,2022,7162.580552984913,Category_3,After
East,1435,2439,January,2023,2463.5524541040218,Category_1,Before
North,1925,4180,April,2022,9198.344660444582,Category_1,Before
South,682,4634,June,2023,8402.83518630852,Category_3,Before
West,987,1761,July,2022,9548.199219627317,Category_3,After
West,1345,4568,July,2023,7531.475575495239,Category_3,Before
West,623,1340,July,2022,6520.736763422109,Category_3,Before
North,1484,3989,March,2022,4764.18732661557,Category_3,Before
South,1289,1382,June,2022,9394.55635018612,Category_3,After
West,913,2003,August,2022,8794.575005503675,Category_2,Before
North,1695,2556,April,2022,1406.9680309557048,Category_3,After
West,1811,1299,August,2022,1237.302770475268,Category_2,After
East,1958,1138,February,2023,4388.170301902446,Category_2,Before
South,1185,1358,October,2023,8294.979977036495,Category_3,After
South,612,1835,September,2022,9885.4851638345,Category_3,Before
North,1387,2522,September,2022,2353.7520199317537,Category_2,After
North,621,4456,August,2022,6347.176438169216,Category_2,After
South,1745,2627,October,2022,4428.017709679194,Category_3,Before
West,538,2982,October,2023,9729.229580331428,Category_3,Before
West,996,2303,January,2022,8579.070308221379,Category_2,Before
East,1279,4708,February,2023,8544.958342400241,Category_2,After
West,1756,3530,June,2023,5218.238438154733,Category_2,After
North,1442,1908,October,2022,4733.375521038986,Category_1,Before
North,648,2134,May,2022,3460.663647376356,Category_2,Before
West,1920,3913,December,2023,1507.379469858344,Category_1,After
North,1521,3186,September,2023,8782.50138629548,Category_3,After
South,1160,1995,May,2022,8316.109082170698,Category_3,After
South,801,3482,February,2022,9997.459059575176,Category_2,Before
West,1883,3556,October,2022,9969.731533665148,Category_3,After
South,737,3320,April,2023,5998.885350423647,Category_3,Before
South,1146,4170,September,2023,7920.886736624595,Category_3,After
East,1162,4835,January,2022,9502.891568941852,Category_3,After
East,735,4921,November,2023,8646.826516096702,Category_1,Before
South,702,3151,January,2023,3226.132915688779,Category_1,Before
West,755,2237,December,2022,5054.897217790842,Category_2,Before
East,1097,2784,July,2022,2162.434736363455,Category_2,After
North,1161,4735,November,2023,9586.459245328502,Category_2,After
North,734,3809,March,2023,6455.57171005792,Category_3,After
North,1868,3834,October,2022,3057.7852495311645,Category_3,Before
West,1033,1164,February,2022,7045.30615965271,Category_1,After
South,1359,1998,September,2022,6563.154164121062,Category_1,Before
North,1989,4924,March,2022,4223.464462295564,Category_2,Before
West,1269,3567,February,2022,2022.0183297966612,Category_1,Before
East,1040,2307,December,2023,7044.158760335196,Category_1,After
South,712,3564,August,2023,5682.7693081341395,Category_1,After
East,962,1656,October,2023,7950.865525620754,Category_1,Before
West,935,3660,June,2023,5681.47151000794,Category_1,After
North,782,3211,June,2022,8669.633502866862,Category_2,Before
North,1986,2909,October,2022,5967.16154897037,Category_2,Before
West,1930,4730,November,2022,6048.441743818476,Category_1,After
North,587,3046,July,2023,8889.882423925104,Category_2,Before
South,1567,3111,July,2023,4631.345795911573,Category_3,Before
West,960,4162,November,2023,2206.1370560557666,Category_1,After
East,777,2140,June,2022,1259.0440868200508,Category_3,Before
West,920,2889,April,2023,7796.235301062571,Category_2,Before
South,1876,1266,November,2022,6582.785962181182,Category_2,Before
South,1195,2845,September,2022,7336.717912893012,Category_3,Before
West,1014,2708,June,2022,2916.677453580197,Category_2,Before
West,1202,4630,April,2022,2227.343280280928,Category_1,Before
North,518,4211,December,2022,1130.9019910109373,Category_3,Before
South,522,3293,March,2022,4155.288029259373,Category_1,After
West,912,4732,April,2023,6309.259181691697,Category_3,After
West,1553,4829,March,2022,4530.196405897591,Category_2,Before
South,607,3442,February,2022,4937.274298213561,Category_3,Before
West,1890,2510,May,2023,9137.428250443736,Category_3,After
North,1804,1475,February,2022,4134.299203209703,Category_1,After
South,1651,4588,June,2023,5625.905402438297,Category_2,After
North,1752,1976,March,2023,8052.8771146702875,Category_1,After
North,1634,2207,June,2023,4568.885040891431,Category_2,After
North,635,2043,November,2022,6598.780302050862,Category_1,Before
North,861,2960,October,2022,8761.273378720707,Category_3,After
South,1709,1557,September,2023,9545.685612918778,Category_1,After
North,628,2017,January,2022,2323.6613283613415,Category_2,After
North,1784,4595,June,2022,9339.28862645345,Category_2,Before
West,1014,2605,September,2023,5429.046637715844,Category_3,Before
South,948,4600,November,2023,3324.199494690625,Category_2,Before
South,1627,1882,April,2022,5132.221806144352,Category_1,Before
East,1747,3194,November,2023,9820.293177569294,Category_3,Before
South,1373,1665,December,2023,5433.562845935827,Category_2,Before
South,972,4375,February,2023,3958.764492587574,Category_2,After
East,1533,3667,April,2022,6700.607688850532,Category_1,Before
South,1928,2771,January,2022,3161.310569003738,Category_1,Before
South,801,3867,March,2022,1682.7699529779752,Category_3,After
South,730,1863,October,2023,2159.9174971958428,Category_2,Before
South,1422,1581,September,2022,2152.412550619952,Category_1,After
East,1589,4070,October,2023,2367.124241610649,Category_3,After
South,1436,1694,May,2022,2249.444553844691,Category_2,Before
South,611,4833,November,2022,6767.872703228932,Category_2,After
East,1536,2251,June,2023,2636.9207595923035,Category_3,After
West,1916,4173,March,2022,4111.005549914769,Category_3,After
North,999,2610,May,2023,9071.095689154106,Category_1,After
West,1431,4488,November,2022,5265.654762365851,Category_2,Before
East,1097,2239,August,2022,7008.019646689245,Category_2,After
North,733,3454,June,2023,2550.8788408146684,Category_2,Before
East,1101,1398,April,2023,2730.6011692780367,Category_3,After
East,813,2946,February,2023,1367.8175463983098,Category_1,After
South,1065,1714,September,2022,2520.415567649481,Category_2,After
North,1535,1703,December,2022,3507.313051287628,Category_3,Before
South,708,3808,January,2022,2593.0943584907213,Category_2,Before
North,1537,3546,January,2023,1798.3228038135005,Category_1,Before
East,1941,4825,April,2023,2085.7228399054075,Category_2,After
East,1960,4536,July,2023,5147.008912294532,Category_1,After
West,1900,2714,January,2022,2857.0034656521325,Category_1,After
North,1543,2972,September,2022,4278.428749432679,Category_2,After
South,1086,4021,April,2023,5530.755437693712,Category_2,Before
West,1514,4802,March,2022,7213.553457664288,Category_1,After
West,1593,1081,January,2023,1353.8092585698905,Category_3,Before
West,1734,1603,October,2022,8194.693590181385,Category_1,After
South,1624,2970,April,2022,6651.10350541817,Category_2,Before
West,1197,2710,September,2023,1735.8312875398472,Category_2,Before
South,631,3046,October,2022,8862.207616960995,Category_3,After
West,1904,4822,June,2022,9287.85160478632,Category_1,After
South,1655,3819,June,2023,1549.7016386937737,Category_1,Before
East,1543,1902,January,2023,3491.8988333248335,Category_1,After
East,1035,1364,October,2022,8255.811518137552,Category_2,After
East,1513,1162,February,2023,7734.337213452925,Category_1,Before
East,726,4119,November,2022,2660.689174207396,Category_3,Before
East,1677,3558,June,2023,2884.143910030393,Category_2,Before
West,1992,4400,February,2022,4334.248925122438,Category_2,Before
West,1321,2863,March,2022,5360.706866719192,Category_1,After
West,1370,1115,April,2023,6564.292943772663,Category_3,Before
South,904,3988,November,2022,4320.222756127952,Category_2,Before
South,701,4920,May,2022,5162.812445198331,Category_2,Before
South,537,3384,September,2023,7727.238443203809,Category_1,After
South,1441,1880,December,2023,1330.148826015381,Category_1,Before
East,687,3784,April,2022,3271.932499096187,Category_3,After
East,1580,4935,November,2023,7420.146272960972,Category_1,Before
East,1440,1839,September,2023,9056.861539184794,Category_3,Before
North,1543,3194,November,2022,5605.096979040995,Category_2,After
West,772,4646,October,2022,5789.021367387841,Category_3,Before
South,1642,4877,March,2023,1964.5481020579846,Category_3,Before
South,1082,2346,August,2023,5026.711301411092,Category_3,After
East,1015,3490,December,2023,5793.555398095208,Category_2,Before
South,1744,3884,January,2022,3182.2345327125668,Category_1,Before
South,1025,2036,November,2022,3423.189078544429,Category_2,Before
West,835,1942,September,2022,4395.557467941604,Category_1,Before
East,1197,4565,September,2022,1180.6407799995372,Category_3,After
West,1578,2724,October,2022,3898.7124902486044,Category_3,Before
North,999,3334,February,2022,2903.0320629689018,Category_3,After
North,1399,3767,April,2022,3947.476169601232,Category_3,Before
North,1265,2137,August,2023,2077.859186373261,Category_3,After
East,1035,3527,July,2023,9014.745526659055,Category_1,Before
South,661,1021,January,2022,6342.3320819864375,Category_1,After
East,1093,4420,May,2022,7111.920872300407,Category_3,Before
East,658,2749,July,2022,8102.541147466045,Category_2,After
South,1711,1682,April,2023,5485.979790361515,Category_2,After
West,559,4906,January,2022,1782.2825927868132,Category_3,Before
North,1414,4637,September,2023,5833.95887636693,Category_1,After
West,1842,3953,May,2023,6281.570062187912,Category_2,Before
North,710,2833,November,2023,7708.95526765897,Category_2,Before
East,905,3367,February,2023,4884.935916067115,Category_2,Before
North,1163,1125,August,2023,2148.222725160074,Category_3,Before
East,1632,1276,November,2022,3553.9831521885203,Category_2,Before
West,1599,2999,February,2022,4267.7406675877155,Category_2,After
East,1041,2227,March,2023,6813.255171984411,Category_2,Before
West,1837,3241,October,2022,6137.004742020207,Category_2,Before
South,1497,4752,January,2023,4204.870533080616,Category_1,Before
South,1640,4735,November,2023,9878.637239136817,Category_3,Before
South,1426,4618,February,2022,6451.973374211984,Category_3,Before
East,1367,1695,July,2022,3135.0411256239504,Category_1,Before
South,518,2309,October,2022,1916.0422535836337,Category_1,After
North,931,1056,February,2022,2375.7322526589883,Category_3,After
West,1239,4805,June,2022,3213.6195554605733,Category_2,Before
West,1873,4374,March,2023,2446.132359336001,Category_2,After
North,682,4234,April,2022,2679.103216461752,Category_3,Before
East,612,1018,November,2022,3565.856518244624,Category_2,Before
East,1706,4441,August,2022,2560.3623576527934,Category_1,Before
West,980,3311,March,2023,9070.888821637825,Category_2,Before
South,1669,3841,October,2022,1722.10371095478,Category_2,Before
East,1330,1112,June,2023,5720.602506132292,Category_2,After
East,1636,4559,January,2022,4693.571442906954,Category_3,After
North,1262,4398,July,2022,9841.407552177458,Category_1,After
North,975,1541,August,2023,2008.350119512471,Category_2,After
South,1262,3694,November,2022,4580.700391411675,Category_3,Before
East,1826,1578,August,2022,9725.23389947832,Category_2,After
East,1470,2088,March,2023,8789.564133045822,Category_1,Before
North,1519,4363,October,2022,8353.64863854352,Category_2,After
East,1641,1024,January,2023,3321.1254434044586,Category_1,After
West,660,2572,September,2023,2537.9882865105924,Category_2,After
North,900,3048,June,2023,7017.788979319879,Category_1,After
South,697,3958,November,2023,9364.383902148273,Category_2,Before
North,1783,2572,September,2023,6010.866037125368,Category_1,After
East,1159,1140,July,2022,6144.5142052290985,Category_2,After
South,1570,2767,January,2022,3519.8118429425576,Category_2,Before
North,898,1647,December,2022,7925.436398727432,Category_3,Before
West,577,4972,December,2023,2683.39373701771,Category_3,After
West,623,3235,January,2023,3913.113127638193,Category_1,Before
North,574,4199,June,2023,4828.927947547751,Category_2,Before
West,636,1200,May,2023,5568.493408160095,Category_1,Before
West,1101,4198,September,2022,3181.687591735722,Category_3,After
West,1923,1256,February,2022,2033.531422652832,Category_1,Before
South,1336,4747,August,2023,6495.580381974693,Category_1,After
West,999,1546,November,2023,3597.674979162302,Category_3,After
West,637,3241,May,2022,6231.143992803511,Category_2,After
West,549,3750,February,2023,2389.2644374678207,Category_1,After
South,1472,4175,October,2023,5330.260916693357,Category_3,Before
North,753,4606,November,2023,5793.304892964273,Category_2,After
East,1209,4336,November,2022,1466.4118314018422,Category_3,Before
West,1062,1801,December,2022,4029.4385037452853,Category_1,After
North,1256,1941,June,2023,2209.7320924507685,Category_2,Before
West,1949,4455,October,2022,1570.3747342549098,Category_2,After
South,1046,4331,August,2023,9909.642091509508,Category_3,Before
North,1825,1413,April,2023,3901.1846047725066,Category_3,After
South,1421,3014,February,2022,8288.870012691714,Category_3,After
West,1080,2381,December,2023,3291.7658928738747,Category_2,Before
West,1872,2098,November,2023,7133.524500015364,Category_2,After
South,548,4426,May,2022,7842.050739007179,Category_1,After
East,1416,4655,December,2023,6360.748665470598,Category_2,After
South,1597,4842,February,2023,5244.185696951426,Category_1,Before
West,1203,1909,February,2023,4706.568227325417,Category_3,After
South,760,1187,June,2022,4139.814398886958,Category_3,After
East,855,4756,November,2023,9365.762298230433,Category_2,Before
South,1783,3015,October,2022,8475.574670089562,Category_3,Before
East,1137,2313,September,2023,9685.242195998613,Category_3,Before
East,1242,3092,April,2023,2118.6750113699027,Category_2,Before
South,1818,4644,June,2023,7577.807276832798,Category_1,Before
South,1509,3130,July,2023,9445.06411138934,Category_2,After
North,1430,2146,November,2022,2631.0975954909413,Category_1,After
West,1140,1357,June,2022,1598.4664063009975,Category_2,After
East,1291,2551,August,2023,7670.085843610532,Category_2,Before
North,1836,2089,April,2023,6170.258018619207,Category_3,After
South,1111,3983,December,2023,8576.458990824449,Category_2,Before
West,1308,2680,January,2023,2257.951389636605,Category_2,Before
North,1705,3422,July,2023,8157.4058067390115,Category_1,After
East,1185,1161,March,2023,2814.645880429701,Category_3,Before
North,1887,4817,June,2023,2472.9034857913402,Category_1,Before
East,687,4451,February,2023,2478.3921813789366,Category_1,After
South,1484,4727,September,2022,8331.172482082438,Category_3,Before
West,1047,4429,January,2022,6986.774986265801,Category_3,Before
West,1224,4259,June,2022,5707.588822922074,Category_3,After
West,1425,3369,June,2023,4229.474357111522,Category_2,Before
South,1931,1449,May,2023,8894.804867317975,Category_3,Before
East,1375,2497,May,2023,4532.005966803718,Category_3,After
South,1117,2036,January,2022,8349.394955244194,Category_3,After
West,913,3231,October,2023,4952.214177131966,Category_1,After
South,1865,3158,December,2022,4392.499864824168,Category_1,After
South,1743,2950,May,2023,5164.118071026458,Category_2,Before
South,1402,3555,February,2022,3712.4008674772786,Category_1,Before
East,662,2313,July,2022,7728.48442158626,Category_2,After
North,1743,3342,March,2022,5524.483510832312,Category_1,Before
North,769,4522,April,2023,3089.914256321356,Category_3,Before
South,1131,3951,March,2022,9096.171159471116,Category_1,After
North,1405,2238,March,2023,4455.020992358903,Category_2,After
North,1923,1973,April,2023,5891.9757500258975,Category_1,Before
South,1705,1631,May,2023,9158.248998680923,Category_3,After
South,704,4965,January,2023,6618.1419632259285,Category_2,After
West,1081,2590,April,2023,2052.0823663752767,Category_3,After
North,1340,2050,December,2022,9458.489112521276,Category_3,Before
East,1751,4701,December,2023,6649.372477642761,Category_2,After
South,1095,3780,November,2023,4014.150531913775,Category_3,Before
West,749,4302,August,2023,2253.4486539704853,Category_3,Before
East,1374,2588,October,2023,8146.226703432664,Category_1,Before
North,1964,4878,July,2023,6580.654803356621,Category_3,After
West,695,3368,September,2022,5801.149827786894,Category_3,After
South,1189,3960,May,2022,9045.033247458618,Category_3,After
East,1593,4304,October,2023,8097.374901020777,Category_3,After
South,1138,2693,April,2022,2365.0739175947606,Category_2,After
North,1922,1436,August,2022,3805.4986101599343,Category_1,Before
East,1171,3828,September,2023,3236.4022583301917,Category_3,Before
North,1726,2556,July,2022,7695.516633154093,Category_3,Before
North,1671,4474,July,2023,1301.7919126220145,Category_2,After
West,1995,2076,May,2022,6129.0071638418485,Category_3,Before
South,1443,4858,April,2022,7862.128171666215,Category_2,Before
East,698,4384,October,2022,8890.890730855746,Category_1,After
North,1949,2304,January,2023,4078.735738443167,Category_1,After
North,991,3773,October,2022,8391.315742048115,Category_3,Before
East,1395,3078,October,2022,1995.6856325968652,Category_3,Before
North,641,3384,July,2023,8618.070625610664,Category_3,After
West,1836,1182,January,2023,2147.3979609878415,Category_2,After
West,664,4094,January,2022,4575.585615043306,Category_3,After
West,813,3591,May,2023,8175.658292015983,Category_3,After
West,520,2469,September,2022,2349.2568461389637,Category_1,Before
North,1605,4145,June,2022,3063.2625570937735,Category_3,Before
East,1654,4081,March,2023,7500.273115537597,Category_1,After
East,1483,4555,March,2023,7480.328828914669,Category_3,Before
East,804,2479,July,2023,6770.328695967676,Category_1,Before
East,870,2589,June,2022,7245.536000203901,Category_3,After
South,1352,2587,September,2023,5884.519990128366,Category_1,Before
East,883,1659,June,2022,3266.191530162575,Category_2,Before
South,944,1159,May,2023,4111.263941535275,Category_1,Before
South,924,4953,October,2022,2634.379451212831,Category_1,After
West,660,4085,July,2023,9176.055052002655,Category_1,After
South,1701,4249,January,2022,6250.526152895084,Category_3,Before
North,1128,3459,December,2023,4607.662750872759,Category_3,After
South,1394,4949,July,2022,5158.052232797194,Category_3,After
West,989,2011,March,2023,9525.550056506338,Category_2,After
South,1516,1052,September,2023,2380.1626280447217,Category_2,Before
North,826,3455,June,2022,6276.068488151175,Category_1,Before
North,1097,3894,September,2023,5552.998109960194,Category_2,After
North,1514,2045,May,2022,6503.088118911831,Category_1,Before
West,788,2053,July,2022,1162.9916543875645,Category_1,Before
West,1092,3750,April,2023,8849.115180497363,Category_1,Before
East,1072,3307,July,2022,9389.064542352511,Category_2,Before
West,1877,2228,January,2023,6086.198652302881,Category_3,Before
North,527,4130,July,2023,7269.857414892031,Category_2,After
North,1453,2494,August,2022,9302.494430595661,Category_1,Before
West,542,3823,May,2023,7365.1477088205875,Category_1,Before
South,922,2489,February,2022,2372.851386228352,Category_2,Before
West,676,2035,May,2022,6186.595241501319,Category_1,After
West,1028,4702,June,2023,6460.435417445703,Category_1,After
North,1465,2950,December,2023,4817.176041721474,Category_2,After
East,697,4361,February,2022,7627.998120622506,Category_2,Before
North,1109,1849,June,2022,9409.303132921134,Category_2,After
East,1341,4831,June,2023,9330.116616160987,Category_1,After
North,1352,1353,January,2023,5057.55434263719,Category_1,After
West,521,4710,January,2023,2019.1424125667972,Category_3,After
North,1635,2098,November,2023,9863.570790661011,Category_3,Before
North,1580,3920,October,2022,8550.082778013406,Category_2,After
North,1589,2739,March,2023,2121.9641308294017,Category_3,After
West,1341,4632,October,2022,9287.57694355635,Category_1,Before
West,597,4662,October,2022,8829.067258559155,Category_3,Before
West,1667,2464,December,2023,5669.542514134649,Category_1,After
West,934,1990,March,2022,6321.4789217043635,Category_2,Before
East,1136,2264,April,2023,4591.024334831172,Category_2,After
East,1609,4065,February,2022,1492.854749398282,Category_1,Before
South,1087,2884,September,2023,4016.775174813108,Category_3,Before
West,843,4225,October,2022,8225.681037382103,Category_2,After
East,1817,2809,December,2022,1041.6882070414258,Category_2,Before
North,1070,4167,November,2023,4001.4925452202974,Category_3,After
West,1110,4797,July,2023,4583.51824231849,Category_3,Before
South,742,3341,July,2022,5836.560426441306,Category_1,After
South,1060,3256,June,2022,9278.700547714845,Category_3,Before
South,1459,4414,March,2023,4117.113949293651,Category_3,Before
North,531,2111,June,2022,4122.578817066049,Category_3,Before
East,890,1817,December,2023,7637.511232987736,Category_1,Before
North,776,2799,August,2022,5069.961468008265,Category_1,Before
West,1031,2960,August,2023,3021.4434064598377,Category_2,After
South,1677,3437,November,2022,5071.955645194241,Category_1,Before
North,882,3372,September,2023,2267.7131834181987,Category_2,After
North,1591,3987,January,2023,2587.48287855601,Category_3,After
East,1383,1888,January,2022,5485.309954655318,Category_2,After
East,713,2855,March,2023,4770.3290455409315,Category_2,Before
South,875,2180,March,2022,9233.613109612901,Category_3,After
North,1243,1667,October,2023,4261.545092049698,Category_2,Before
North,712,4722,August,2023,6225.295152502391,Category_1,After
East,578,1632,October,2023,6690.378591275773,Category_1,After
North,1127,3624,January,2022,1117.8501092950028,Category_1,After
North,1103,2642,February,2023,6971.836348150396,Category_1,After
North,1281,4730,February,2022,2602.3237018277628,Category_2,After
East,1904,1136,March,2023,9649.632857225097,Category_2,Before
South,1500,2946,June,2022,2337.9645497780166,Category_3,After
West,1179,2697,January,2022,4731.617113543214,Category_2,After
South,557,1427,February,2022,1768.1470127077946,Category_2,Before
West,1549,2475,January,2023,9971.868266613526,Category_2,Before
North,1380,3659,May,2022,5519.755092981183,Category_3,Before
South,946,4921,July,2023,6358.465155880394,Category_1,After
West,565,3958,August,2022,1603.6882964958472,Category_2,After
East,1777,1818,October,2022,7749.6442335926,Category_3,After
East,1567,3188,January,2022,2889.150337860272,Category_3,After
South,1620,2106,July,2022,9082.488604966424,Category_3,After
South,1511,3224,May,2023,2846.2567643380644,Category_1,After
North,726,1197,October,2022,2716.189485972999,Category_2,Before
South,1273,3671,January,2022,1328.947010632854,Category_3,Before
North,1178,4639,March,2023,5248.602505989993,Category_1,After
North,1959,2995,July,2022,6083.5701993635475,Category_3,After
East,1100,3738,October,2022,1591.3777548551711,Category_3,After
East,878,4492,January,2022,7979.748550255095,Category_3,After
West,1701,3448,July,2022,5079.5995127322485,Category_3,After
East,1950,4769,May,2023,5719.51242394822,Category_3,Before
East,1208,1470,January,2023,4966.864722444054,Category_1,Before
South,806,3265,January,2022,4606.867547877933,Category_2,After
East,1278,2948,January,2023,6036.762981773961,Category_2,Before
West,1003,1928,November,2023,2397.1622133764126,Category_2,After
South,767,4899,September,2022,2637.35317445744,Category_2,After
West,507,3010,November,2023,8756.070589121657,Category_1,After
East,1007,4800,March,2022,9515.039159202695,Category_1,Before
West,975,3679,May,2023,4359.7838465177765,Category_1,Before
South,1820,3998,November,2023,3436.702058291984,Category_3,After
North,663,1905,October,2023,6795.9958891511415,Category_3,Before
West,984,3222,December,2022,4678.607539882867,Category_3,Before
West,1595,1022,September,2023,1228.4772009431038,Category_2,After
South,1066,4796,June,2022,2405.3733762957136,Category_3,Before
South,1404,4988,December,2022,7443.750059626578,Category_2,Before
West,1058,1234,September,2023,6930.315477191362,Category_3,After
East,737,4084,August,2022,1243.8639325313513,Category_2,After
West,1627,2124,August,2023,2997.749457396545,Category_3,Before
South,1733,1928,January,2022,3079.6731692926423,Category_3,After
North,1053,4607,September,2022,7047.034692388555,Category_1,Before
North,1327,4947,June,2023,1177.3948397892773,Category_3,After
East,967,1522,September,2023,1936.9772378611647,Category_3,After
West,1977,2808,March,2023,8199.244768358705,Category_1,After
North,1791,4523,December,2023,2606.9019584890025,Category_2,After
West,885,1430,March,2022,6874.714970666872,Category_1,Before
South,1274,1792,June,2022,3143.645029420539,Category_1,After
North,1347,2629,September,2022,1894.9725348341065,Category_2,After
East,886,2736,July,2023,3188.5497189950866,Category_3,After
South,1376,1532,March,2022,7500.402386700933,Category_2,Before
East,758,4923,March,2023,8701.268212956573,Category_3,Before
South,782,4026,February,2022,8471.978781102924,Category_3,After
North,539,2746,September,2023,4574.651766566094,Category_2,After
East,985,2675,March,2022,7012.766229135816,Category_1,After
East,1428,2316,November,2022,2844.858658742389,Category_2,After
South,719,3857,May,2023,3638.329572349119,Category_3,After
East,1652,1912,September,2022,9067.022366690078,Category_2,After
South,1514,2124,August,2023,1117.0173115966243,Category_2,Before
South,1523,2525,February,2022,1769.5767776902126,Category_3,After
South,1112,2327,March,2022,2870.9762963142457,Category_1,After
South,1427,3918,February,2023,1238.7898348643776,Category_2,After
North,1187,3587,August,2023,2632.918915808176,Category_3,After
South,1112,2023,June,2022,6247.37404872723,Category_3,After
West,759,2576,June,2022,4792.820955332481,Category_2,After
East,1489,2378,December,2022,9034.045399692774,Category_1,Before
West,1465,4374,September,2022,8356.99205564597,Category_2,Before
North,865,2519,August,2022,4076.356165280884,Category_1,Before
West,1043,2681,April,2022,3334.8109008816323,Category_1,Before
East,1148,4839,December,2023,4417.231673505403,Category_1,Before
West,1313,2997,April,2023,6312.654482633269,Category_1,Before
North,1539,1226,September,2023,3412.572767405886,Category_2,After
South,1652,2259,January,2022,6617.340170642206,Category_3,After
West,1074,1872,February,2022,4684.704869721164,Category_3,After
North,1632,1891,February,2022,5968.424627667822,Category_3,After
North,1512,2478,June,2023,4925.13876221785,Category_3,After
East,1169,2036,April,2023,3650.191835877259,Category_3,After
East,768,3257,November,2022,9536.07976265941,Category_3,Before
West,1685,3788,October,2022,7872.452147437847,Category_2,After
South,1783,1396,March,2023,2261.0185818980726,Category_1,Before
North,1423,2123,March,2023,8816.211783081215,Category_3,Before
West,1625,3078,March,2023,5386.880784245623,Category_2,After
North,746,3945,June,2022,9050.970042046822,Category_3,After
North,630,4599,August,2022,8198.697303525838,Category_3,After
South,852,1648,November,2022,4826.921540223101,Category_1,After
South,695,1328,July,2023,1202.2237748810567,Category_1,After
West,1429,4237,April,2023,3418.0962344645145,Category_1,After
South,1905,2482,November,2022,5874.7079319478025,Category_3,After
South,1521,4893,December,2022,6701.303978435325,Category_3,Before
West,1144,1951,April,2023,3320.9891688988205,Category_3,After
South,726,3005,November,2022,2254.204666655417,Category_1,After
East,1200,3016,October,2023,8514.372131193693,Category_2,Before
North,1999,4171,November,2023,9859.619626331969,Category_3,After
North,764,3668,November,2022,5731.211640724173,Category_3,After
North,1895,2878,November,2023,2545.1135726347316,Category_3,Before
North,1957,2196,February,2022,3450.7659386743208,Category_2,After
West,1145,2772,January,2023,1165.5160889272006,Category_3,After
North,710,1161,September,2023,9228.689259044491,Category_2,After
North,1900,4976,December,2022,2059.75974601127,Category_3,After
North,1918,2751,December,2023,6188.648279628282,Category_2,After
North,1973,1775,February,2022,3466.496986184854,Category_3,After
East,1442,4334,August,2022,5987.602022642141,Category_1,Before
North,1887,2827,September,2023,6862.783495166778,Category_1,After
East,956,3321,April,2022,8467.676233364815,Category_1,After
West,1224,4074,August,2022,2857.791445845429,Category_1,Before
South,1749,2051,September,2022,1098.9624579263243,Category_3,Before
North,1481,3373,October,2022,2231.9706706192655,Category_1,After
South,1654,1939,October,2022,9100.167776632945,Category_2,Before
South,1087,4220,May,2022,8865.010698062637,Category_1,After
West,975,1539,July,2023,6376.717919532774,Category_1,After
South,1485,3535,October,2022,6404.65174390288,Category_1,Before
East,1800,1821,April,2023,6985.3300709162995,Category_3,After
South,655,2461,January,2023,2578.3415076110464,Category_1,After
South,1741,2088,March,2022,9229.707513324638,Category_2,Before
South,689,1355,May,2023,4768.934724028658,Category_1,Before
North,1940,4604,March,2023,4448.246754245477,Category_1,Before
North,1480,4323,December,2022,5670.259347545538,Category_1,Before
East,1045,1234,November,2022,1422.6937009754954,Category_2,After
East,540,3274,July,2022,2496.5503188047146,Category_1,Before
North,806,2548,December,2023,7642.302547837334,Category_2,Before
East,1442,4384,September,2023,1745.1880113261382,Category_2,Before
North,837,3096,December,2022,6428.368985197494,Category_1,Before
West,1837,1117,June,2022,3208.1419871318885,Category_2,Before
South,1598,3101,October,2023,4503.660526377789,Category_3,After
South,1452,2673,January,2023,3598.243630936299,Category_1,Before
East,778,3612,July,2023,4201.054448184543,Category_1,After
North,1699,2067,March,2023,7471.413146658209,Category_2,Before
North,1395,4886,May,2022,3674.0954406085752,Category_2,Before
East,772,3100,October,2023,6097.641762672075,Category_1,Before
North,1336,4657,April,2023,5284.453619791897,Category_3,Before
West,1119,1557,October,2023,6973.040488263833,Category_2,Before
South,1361,4596,May,2023,9431.467653922822,Category_2,Before
East,1430,4748,May,2022,7593.148874892253,Category_3,Before
East,788,4173,June,2022,2934.463407316811,Category_3,Before
North,1223,2815,October,2023,1280.648215551562,Category_1,After
East,1392,4841,December,2023,3360.376398698426,Category_3,Before
West,771,3005,October,2022,6355.701376302293,Category_1,After
North,1589,4920,November,2022,1462.832321358253,Category_3,Before
North,982,3915,June,2023,5467.296224811127,Category_2,After
North,1435,1397,August,2023,6371.585640252003,Category_1,Before
North,747,4209,August,2022,4008.1950173526475,Category_1,Before
West,655,1674,November,2022,7938.209833712397,Category_1,Before
North,1570,4992,September,2022,1959.3842782039462,Category_3,After
East,953,1386,August,2022,1676.2400356222788,Category_2,After
West,700,3158,November,2022,7553.6988058324305,Category_1,After
South,623,3661,February,2022,5459.421845855786,Category_1,After
South,500,3064,December,2023,7195.621567849625,Category_1,Before
East,1467,4851,October,2022,4913.446047433716,Category_1,Before
East,1354,4253,December,2022,3217.6182991519613,Category_2,Before
West,1139,1883,November,2022,8371.920859067797,Category_3,After
South,690,4607,January,2022,8194.742910720814,Category_2,Before
South,1015,1540,October,2023,7252.268237689841,Category_1,After
South,941,1170,February,2023,3449.306235069664,Category_2,After
South,642,3456,February,2022,6312.076001821784,Category_1,After
South,1714,1739,December,2023,4248.765072460241,Category_3,After
North,1032,2401,March,2023,1824.2386599397073,Category_3,After
East,726,4259,October,2023,9255.822179160185,Category_3,Before
North,1836,3905,July,2023,2231.3676782706525,Category_1,After
South,1448,3277,February,2023,9552.136184387222,Category_2,After
West,1825,4904,January,2023,5014.051956621602,Category_3,Before
